<?xml version="1.0" encoding="utf-8" ?>
<root>
  <trueblood>Informationstext om True Blood 0+</trueblood>
  <trueblood>Informationstext om True Blood A+</trueblood>
  <trueblood>Informationstext om True Blood B+</trueblood>
  <trueblood>Informationstext om True Blood 0-</trueblood>
  <trueblood>Informationstext om True Blood A-</trueblood>
  <trueblood>Informationstext om True Blood AB+</trueblood>
  <trueblood>Informationstext om True Blood B-</trueblood>
  <trueblood>Informationstext om True Blood AB-</trueblood>
</root>

